workflowId,entity,workflowCost,costType,wdlTask,callIndex,attempt,executionStatus,machineType,zone,gpuType,gpuCount,cpu,memory,disks,bootDiskGb,preemptible,dockerImage,dockerSizeGb,start,end,runtimeMin,vmStart,vmEnd,vmMin,vmCostPerHourCromwell,quotaWaitEvents,runMin,provisionMin,billedMinEst
d08cfc6d-fa80-458e-8c4d-8a29cd87c51a,1,0.065352,Actual,inference,-1,1,Done,custom cpu=4 mem=16 GB,"us-west4-a,us-west4-b",nvidia-tesla-t4,1,4,16 GB,local-disk 50 HDD,30,3,mirror.gcr.io/sunderlandkyl/inference_moose@sha256:292d67528d458faa3b2c352dff45f9d7bd913ba61828b7e351bf90a972aa4064,0.0,2026-08-18T19:10:27.309Z,2026-08-18T19:21:58.757Z,11.52,2026-08-18T19:10:37.016Z,2026-08-18T19:20:08.917Z,9.53,0.082664,0,4.39,5.14,9.53
d08cfc6d-fa80-458e-8c4d-8a29cd87c51a,1,0.065352,Actual,outputConversion,-1,1,RetryableFailure,custom cpu=4 mem=16 GB,"us-west4-a,us-west4-b",,,4,16 GB,local-disk 20 HDD,30,3,,0.0,2026-08-18T19:21:59.959Z,2026-08-18T19:32:19.654Z,10.33,2026-08-18T19:22:21.672Z,2026-08-18T19:30:40.171Z,8.31,0.05732,0,,,8.31
d08cfc6d-fa80-458e-8c4d-8a29cd87c51a,1,0.065352,Actual,outputConversion,-1,2,RetryableFailure,custom cpu=4 mem=16 GB,"us-west4-a,us-west4-b",,,4,16 GB,local-disk 20 HDD,30,3,,0.0,2026-08-18T19:32:20.379Z,2026-08-18T19:41:44.666Z,9.4,2026-08-18T19:32:32.857Z,2026-08-18T19:41:06.372Z,8.56,0.05732,0,,,8.56
d08cfc6d-fa80-458e-8c4d-8a29cd87c51a,1,0.065352,Actual,outputConversion,-1,3,Failed,custom cpu=4 mem=16 GB,"us-west4-a,us-west4-b",,,4,16 GB,local-disk 20 HDD,30,3,,0.0,2026-08-18T19:41:45.550Z,2026-08-18T19:50:35.653Z,8.84,2026-08-18T19:41:51.993Z,2026-08-18T19:50:06.920Z,8.25,0.05732,0,,,8.25
1dcadfbe-8cf1-486e-9b1f-fd895bc85d07,10,0.099563,Actual,inference,-1,1,Done,custom cpu=4 mem=16 GB,"us-west4-a,us-west4-b",nvidia-tesla-t4,1,4,16 GB,local-disk 50 HDD,30,3,mirror.gcr.io/sunderlandkyl/inference_moose@sha256:292d67528d458faa3b2c352dff45f9d7bd913ba61828b7e351bf90a972aa4064,0.0,2026-08-18T19:10:25.874Z,2026-08-18T19:31:13.603Z,20.8,2026-08-18T19:10:36.802Z,2026-08-18T19:28:17.821Z,17.68,0.082664,0,12.75,4.93,17.89
1dcadfbe-8cf1-486e-9b1f-fd895bc85d07,10,0.099563,Actual,outputConversion,-1,1,Done,custom cpu=4 mem=16 GB,"us-west4-a,us-west4-b",,,4,16 GB,local-disk 20 HDD,30,3,mirror.gcr.io/sunderlandkyl/output_conversion@sha256:68985f6a352029f29639e7eb3773dc99c54b63319f76a122d2f954ed805d213b,0.0,2026-08-18T19:31:15.414Z,2026-08-18T19:57:28.599Z,26.22,2026-08-18T19:31:22.326Z,2026-08-18T19:53:20.504Z,21.97,0.05732,0,20.6,1.37,21.86
26680ba4-1994-413a-9327-792c395490c2,11,0.166735,Actual,inference,-1,1,Done,custom cpu=4 mem=16 GB,"us-west4-a,us-west4-b",nvidia-tesla-t4,1,4,16 GB,local-disk 50 HDD,30,3,mirror.gcr.io/sunderlandkyl/inference_moose@sha256:292d67528d458faa3b2c352dff45f9d7bd913ba61828b7e351bf90a972aa4064,0.0,2026-08-18T19:10:26.655Z,2026-08-18T19:39:53.691Z,29.45,2026-08-18T19:10:37.158Z,2026-08-18T19:36:30.752Z,25.89,0.082664,0,20.85,5.04,25.99
26680ba4-1994-413a-9327-792c395490c2,11,0.166735,Actual,outputConversion,-1,1,Done,custom cpu=4 mem=16 GB,"us-west4-a,us-west4-b",,,4,16 GB,local-disk 20 HDD,30,3,mirror.gcr.io/sunderlandkyl/output_conversion@sha256:68985f6a352029f29639e7eb3773dc99c54b63319f76a122d2f954ed805d213b,0.0,2026-08-18T19:39:55.364Z,2026-08-18T20:33:38.697Z,53.72,2026-08-18T19:40:06.787Z,2026-08-18T20:30:09.791Z,50.05,0.05732,0,48.69,1.36,49.95
7a97a456-0db6-4473-97fe-92a7a005bd89,12,0.284025,Actual,inference,-1,1,Done,custom cpu=4 mem=16 GB,"us-west4-a,us-west4-b",nvidia-tesla-t4,1,4,16 GB,local-disk 50 HDD,30,3,mirror.gcr.io/sunderlandkyl/inference_moose@sha256:292d67528d458faa3b2c352dff45f9d7bd913ba61828b7e351bf90a972aa4064,0.0,2026-08-18T19:10:25.635Z,2026-08-18T20:00:39.955Z,50.24,2026-08-18T19:10:37.364Z,2026-08-18T19:57:29.196Z,46.86,0.082664,0,41.75,5.12,46.89
7a97a456-0db6-4473-97fe-92a7a005bd89,12,0.284025,Actual,outputConversion,-1,1,Done,custom cpu=4 mem=16 GB,"us-west4-a,us-west4-b",,,4,16 GB,local-disk 20 HDD,30,3,mirror.gcr.io/sunderlandkyl/output_conversion@sha256:68985f6a352029f29639e7eb3773dc99c54b63319f76a122d2f954ed805d213b,0.0,2026-08-18T20:00:41.675Z,2026-08-18T21:18:45.952Z,78.07,2026-08-18T20:00:54.451Z,2026-08-18T21:12:46.371Z,71.87,0.05732,0,70.56,1.31,71.82
bb8b98cf-36aa-4447-925e-e6bfcaf74d28,2,0.119418,Actual,inference,-1,1,Done,custom cpu=4 mem=16 GB,"us-west4-a,us-west4-b",nvidia-tesla-t4,1,4,16 GB,local-disk 50 HDD,30,3,mirror.gcr.io/sunderlandkyl/inference_moose@sha256:292d67528d458faa3b2c352dff45f9d7bd913ba61828b7e351bf90a972aa4064,0.0,2026-08-18T19:10:26.420Z,2026-08-18T19:22:13.681Z,11.79,2026-08-18T19:10:36.875Z,2026-08-18T19:20:43.704Z,10.11,0.082664,0,5.04,5.08,10.18
bb8b98cf-36aa-4447-925e-e6bfcaf74d28,2,0.119418,Actual,outputConversion,-1,1,Done,custom cpu=4 mem=16 GB,"us-west4-a,us-west4-b",,,4,16 GB,local-disk 20 HDD,30,3,mirror.gcr.io/sunderlandkyl/output_conversion@sha256:68985f6a352029f29639e7eb3773dc99c54b63319f76a122d2f954ed805d213b,0.0,2026-08-18T19:22:15.510Z,2026-08-18T20:35:43.714Z,73.47,2026-08-18T19:22:27.992Z,2026-08-18T20:32:54.450Z,70.44,0.05732,0,69.2,1.24,70.46
2aedba6f-dd94-4573-a9ee-c600f5746232,3,0.089092,Actual,inference,-1,1,Done,custom cpu=4 mem=16 GB,"us-west4-a,us-west4-b",nvidia-tesla-t4,1,4,16 GB,local-disk 50 HDD,30,3,mirror.gcr.io/sunderlandkyl/inference_moose@sha256:292d67528d458faa3b2c352dff45f9d7bd913ba61828b7e351bf90a972aa4064,0.0,2026-08-18T19:10:26.611Z,2026-08-18T19:28:59.493Z,18.55,2026-08-18T19:10:37.224Z,2026-08-18T19:27:00.065Z,16.38,0.082664,0,11.17,5.21,16.31
2aedba6f-dd94-4573-a9ee-c600f5746232,3,0.089092,Actual,outputConversion,-1,1,Done,custom cpu=4 mem=16 GB,"us-west4-a,us-west4-b",,,4,16 GB,local-disk 20 HDD,30,3,mirror.gcr.io/sunderlandkyl/output_conversion@sha256:68985f6a352029f29639e7eb3773dc99c54b63319f76a122d2f954ed805d213b,0.0,2026-08-18T19:29:00.980Z,2026-08-18T19:52:29.491Z,23.48,2026-08-18T19:29:10.654Z,2026-08-18T19:47:50.688Z,18.67,0.05732,0,17.47,1.2,18.73
0537655f-757c-4317-9ce9-67ecac2f5f4a,4,0.180616,Actual,inference,-1,1,Done,custom cpu=4 mem=16 GB,"us-west4-a,us-west4-b",nvidia-tesla-t4,1,4,16 GB,local-disk 50 HDD,30,3,mirror.gcr.io/sunderlandkyl/inference_moose@sha256:292d67528d458faa3b2c352dff45f9d7bd913ba61828b7e351bf90a972aa4064,0.0,2026-08-18T19:10:25.684Z,2026-08-18T19:39:38.690Z,29.22,2026-08-18T19:10:37.082Z,2026-08-18T19:36:19.328Z,25.7,0.082664,0,20.58,5.13,25.72
0537655f-757c-4317-9ce9-67ecac2f5f4a,4,0.180616,Actual,outputConversion,-1,1,Done,custom cpu=4 mem=16 GB,"us-west4-a,us-west4-b",,,4,16 GB,local-disk 20 HDD,30,3,mirror.gcr.io/sunderlandkyl/output_conversion@sha256:68985f6a352029f29639e7eb3773dc99c54b63319f76a122d2f954ed805d213b,0.0,2026-08-18T19:39:40.094Z,2026-08-18T20:50:53.680Z,71.23,2026-08-18T19:39:55.034Z,2026-08-18T20:41:59.885Z,62.08,0.05732,0,60.87,1.21,62.13
8e64ff5f-51ea-4c31-b7bf-deec9652996b,5,0.161549,Actual,inference,-1,1,Done,custom cpu=4 mem=16 GB,"us-west4-a,us-west4-b",nvidia-tesla-t4,1,4,16 GB,local-disk 50 HDD,30,3,mirror.gcr.io/sunderlandkyl/inference_moose@sha256:292d67528d458faa3b2c352dff45f9d7bd913ba61828b7e351bf90a972aa4064,0.0,2026-08-18T19:10:25.869Z,2026-08-18T19:41:14.921Z,30.82,2026-08-18T19:10:37.425Z,2026-08-18T19:37:45.251Z,27.13,0.082664,0,21.99,5.14,27.13
8e64ff5f-51ea-4c31-b7bf-deec9652996b,5,0.161549,Actual,outputConversion,-1,1,Done,custom cpu=4 mem=16 GB,"us-west4-a,us-west4-b",,,4,16 GB,local-disk 20 HDD,30,3,mirror.gcr.io/sunderlandkyl/output_conversion@sha256:68985f6a352029f29639e7eb3773dc99c54b63319f76a122d2f954ed805d213b,0.0,2026-08-18T19:41:16.803Z,2026-08-18T20:24:08.920Z,42.87,2026-08-18T19:41:29.648Z,2026-08-18T20:23:17.388Z,41.8,0.05732,0,40.55,1.24,41.81
c86ea14e-fb6f-40eb-927b-9cae6c251792,6,0.365552,Actual,inference,-1,1,Done,custom cpu=4 mem=16 GB,"us-west4-a,us-west4-b",nvidia-tesla-t4,1,4,16 GB,local-disk 50 HDD,30,3,mirror.gcr.io/sunderlandkyl/inference_moose@sha256:292d67528d458faa3b2c352dff45f9d7bd913ba61828b7e351bf90a972aa4064,0.0,2026-08-18T19:10:26.845Z,2026-08-18T19:57:43.617Z,47.28,2026-08-18T19:10:36.947Z,2026-08-18T19:52:17.034Z,41.67,0.082664,0,36.44,5.23,41.58
c86ea14e-fb6f-40eb-927b-9cae6c251792,6,0.365552,Actual,outputConversion,-1,1,Done,custom cpu=4 mem=16 GB,"us-west4-a,us-west4-b",,,4,16 GB,local-disk 20 HDD,30,3,mirror.gcr.io/sunderlandkyl/output_conversion@sha256:68985f6a352029f29639e7eb3773dc99c54b63319f76a122d2f954ed805d213b,0.0,2026-08-18T19:57:45.015Z,2026-08-18T22:48:16.598Z,170.53,2026-08-18T19:57:53.543Z,2026-08-18T22:40:35.783Z,162.7,0.05732,0,161.45,1.26,162.71
b4815ade-cf10-46e6-b666-96680b8ef5cc,7,0.187336,Actual,inference,-1,1,Done,custom cpu=4 mem=16 GB,"us-west4-a,us-west4-b",nvidia-tesla-t4,1,4,16 GB,local-disk 50 HDD,30,3,mirror.gcr.io/sunderlandkyl/inference_moose@sha256:292d67528d458faa3b2c352dff45f9d7bd913ba61828b7e351bf90a972aa4064,0.0,2026-08-18T19:10:26.545Z,2026-08-18T19:44:39.972Z,34.22,2026-08-18T19:10:37.491Z,2026-08-18T19:41:43.832Z,31.11,0.082664,0,25.93,5.18,31.07
b4815ade-cf10-46e6-b666-96680b8ef5cc,7,0.187336,Actual,outputConversion,-1,1,Done,custom cpu=4 mem=16 GB,"us-west4-a,us-west4-b",,,4,16 GB,local-disk 20 HDD,30,3,mirror.gcr.io/sunderlandkyl/output_conversion@sha256:68985f6a352029f29639e7eb3773dc99c54b63319f76a122d2f954ed805d213b,0.0,2026-08-18T19:44:41.555Z,2026-08-18T20:40:39.963Z,55.97,2026-08-18T19:44:46.297Z,2026-08-18T20:33:24.761Z,48.64,0.05732,0,47.46,1.18,48.72
5fd2a1ff-a5c7-4b3f-99e8-e19c9cb73b45,8,0.52197,Actual,inference,-1,1,Done,custom cpu=4 mem=16 GB,"us-west4-a,us-west4-b",nvidia-tesla-t4,1,4,16 GB,local-disk 50 HDD,30,3,mirror.gcr.io/sunderlandkyl/inference_moose@sha256:292d67528d458faa3b2c352dff45f9d7bd913ba61828b7e351bf90a972aa4064,0.0,2026-08-18T19:10:25.641Z,2026-08-18T20:16:20.487Z,65.91,2026-08-18T19:10:37.295Z,2026-08-18T20:15:10.788Z,64.56,0.082664,0,59.34,5.22,64.48
5fd2a1ff-a5c7-4b3f-99e8-e19c9cb73b45,8,0.52197,Actual,outputConversion,-1,1,Done,custom cpu=4 mem=16 GB,"us-west4-a,us-west4-b",,,4,16 GB,local-disk 20 HDD,30,3,mirror.gcr.io/sunderlandkyl/output_conversion@sha256:68985f6a352029f29639e7eb3773dc99c54b63319f76a122d2f954ed805d213b,0.0,2026-08-18T20:16:21.520Z,2026-08-18T23:49:26.476Z,213.08,2026-08-18T20:16:28.205Z,2026-08-18T23:45:48.230Z,209.33,0.05732,0,208.07,1.26,209.33
ea2c1630-7d4b-4ef4-9338-fd038333cd7d,9,0.053778,Actual,inference,-1,1,Done,custom cpu=4 mem=16 GB,"us-west4-a,us-west4-b",nvidia-tesla-t4,1,4,16 GB,local-disk 50 HDD,30,3,mirror.gcr.io/sunderlandkyl/inference_moose@sha256:292d67528d458faa3b2c352dff45f9d7bd913ba61828b7e351bf90a972aa4064,0.0,2026-08-18T19:10:26.899Z,2026-08-18T19:24:17.926Z,13.85,2026-08-18T19:10:37.562Z,2026-08-18T19:21:24.749Z,10.79,0.082664,0,5.54,5.24,10.68
ea2c1630-7d4b-4ef4-9338-fd038333cd7d,9,0.053778,Actual,outputConversion,-1,1,Done,custom cpu=4 mem=16 GB,"us-west4-a,us-west4-b",,,4,16 GB,local-disk 20 HDD,30,3,mirror.gcr.io/sunderlandkyl/output_conversion@sha256:68985f6a352029f29639e7eb3773dc99c54b63319f76a122d2f954ed805d213b,0.0,2026-08-18T19:24:19.829Z,2026-08-18T19:33:47.932Z,9.47,2026-08-18T19:24:27.392Z,2026-08-18T19:32:54.630Z,8.45,0.05732,0,6.99,1.46,8.25
