label,submissionId,workflowId,entity,status,model,radiomicsMethod,radiomicsEnabled,radiomicsJlThreads,radiomicsMaxRoiMvox,inferenceParams,wdlRadiomicsMethod,wdlRunRadiomics,nSeries,nSeriesWithFeatures,sumVoxels,sumSlices,sumSizeMb,meanVoxels,maxVoxels,sumInferenceSec,sumOutputConversionSec,dicomSegErrors,radiomicsErrors,inference_runtimeMin,inference_vmMin,inference_runMin,inference_queueMin,inference_quotaWaits,inference_doneRuntimeMin,inference_doneVmMin,inference_attempts,inference_preempted,inference_machine,inference_gpu,inference_docker,inference_estCost,inference_rateHr,inference_cost,outputConversion_runtimeMin,outputConversion_vmMin,outputConversion_runMin,outputConversion_queueMin,outputConversion_quotaWaits,outputConversion_doneRuntimeMin,outputConversion_doneVmMin,outputConversion_attempts,outputConversion_preempted,outputConversion_machine,outputConversion_gpu,outputConversion_docker,outputConversion_estCost,outputConversion_rateHr,outputConversion_cost,region,totalRuntimeMin,terraCost,terraCostType,estCost,otherCost,totalCost,costSource,costPerSeries,costPerMvoxel,costPerSlice
totalseg-pilot2,02b36d47-a0bd-4025-98cb-dd9c08b0ab29,c46197c1-48fc-48bb-a0e6-fb2cfc54738d,1,Succeeded,total,radiomicsjl,True,1,5.0,,,,1,1,22544384,86,45.4,22544384,22544384,81.8,156.3,0,0,37.19,7.26,2.54,29.93,0,37.19,7.26,1,0,custom cpu=4 mem=16 GB,1xnvidia-tesla-t4,mirror.gcr.io/sunderlandkyl/inference_totalseg@sha256:727f93fa0efe203816111fc839f6675be97a26af6093e5a47b7f753d9f9be50f,0.0307,0.253934,0.0294,6.23,4.95,3.65,1.28,0,6.23,4.95,1,0,custom cpu=4 mem=16 GB,,mirror.gcr.io/sunderlandkyl/output_conversion@sha256:68985f6a352029f29639e7eb3773dc99c54b63319f76a122d2f954ed805d213b,0.0052,0.06275,0.0055,us-west4,43.42,0.03,Actual,0.0359,0.0,0.0349,billing,0.0349,0.00155,0.000406
totalseg-pilot2,02b36d47-a0bd-4025-98cb-dd9c08b0ab29,35833674-a9bc-4a86-a596-4cb7e4e3b06f,2,Succeeded,total,radiomicsjl,True,1,5.0,,,,1,1,264722640,156,530.0,264722640,264722640,261.0,1962.5,0,0,41.6,10.55,5.83,31.05,0,41.6,10.55,1,0,custom cpu=4 mem=16 GB,1xnvidia-tesla-t4,mirror.gcr.io/sunderlandkyl/inference_totalseg@sha256:727f93fa0efe203816111fc839f6675be97a26af6093e5a47b7f753d9f9be50f,0.0447,0.253934,0.0518,35.72,35.05,33.75,0.67,0,35.72,35.05,1,0,custom cpu=4 mem=16 GB,,mirror.gcr.io/sunderlandkyl/output_conversion@sha256:68985f6a352029f29639e7eb3773dc99c54b63319f76a122d2f954ed805d213b,0.0367,0.06275,0.0391,us-west4,77.32,0.09,Actual,0.0813,0.0,0.0908,billing,0.0908,0.00034,0.000582
totalseg-pilot2,02b36d47-a0bd-4025-98cb-dd9c08b0ab29,578188db-156a-4da3-bc09-3b86d3c8de56,3,Succeeded,total,radiomicsjl,True,1,5.0,,,,3,3,60030976,229,121.0,20010325,23855104,240.9,231.4,0,0,33.91,28.34,5.01,5.57,0,11.78,9.73,3,2,custom cpu=4 mem=16 GB,1xnvidia-tesla-t4,mirror.gcr.io/sunderlandkyl/inference_totalseg@sha256:727f93fa0efe203816111fc839f6675be97a26af6093e5a47b7f753d9f9be50f,0.1199,0.253934,0.0842,6.83,6.18,4.88,0.65,0,6.83,6.18,1,0,custom cpu=4 mem=16 GB,,mirror.gcr.io/sunderlandkyl/output_conversion@sha256:68985f6a352029f29639e7eb3773dc99c54b63319f76a122d2f954ed805d213b,0.0065,0.06275,0.0069,us-west4,40.74,0.09,Actual,0.1264,0.0,0.0911,billing,0.03037,0.00152,0.000398
totalseg-pilot2,02b36d47-a0bd-4025-98cb-dd9c08b0ab29,ae6b33b3-2b35-42d5-b579-99c65f4a6204,4,Succeeded,total,radiomicsjl,True,1,5.0,,,,3,3,175399424,470,352.7,58466474,67371008,298.4,834.6,0,0,49.65,44.63,6.58,5.02,0,12.39,11.3,3,2,custom cpu=4 mem=16 GB,1xnvidia-tesla-t4,mirror.gcr.io/sunderlandkyl/inference_totalseg@sha256:727f93fa0efe203816111fc839f6675be97a26af6093e5a47b7f753d9f9be50f,0.1889,0.253934,0.1354,19.43,16.27,14.97,3.16,0,19.43,16.27,1,0,custom cpu=4 mem=16 GB,,mirror.gcr.io/sunderlandkyl/output_conversion@sha256:68985f6a352029f29639e7eb3773dc99c54b63319f76a122d2f954ed805d213b,0.017,0.06275,0.0184,us-west4,69.08,0.15,Actual,0.2059,0.0,0.1538,billing,0.05127,0.00088,0.000327
totalseg-pilot2,02b36d47-a0bd-4025-98cb-dd9c08b0ab29,03bd2699-0a25-4821-b8b7-a59d58258df4,5,Succeeded,total,radiomicsjl,True,1,5.0,,,,6,6,85856256,327,172.9,14309376,23203840,410.9,468.1,0,0,38.34,13.39,8.67,24.95,0,38.34,13.39,1,0,custom cpu=4 mem=16 GB,1xnvidia-tesla-t4,mirror.gcr.io/sunderlandkyl/inference_totalseg@sha256:727f93fa0efe203816111fc839f6675be97a26af6093e5a47b7f753d9f9be50f,0.0567,0.253934,0.0584,11.22,10.22,8.92,1.0,0,11.22,10.22,1,0,custom cpu=4 mem=16 GB,,mirror.gcr.io/sunderlandkyl/output_conversion@sha256:68985f6a352029f29639e7eb3773dc99c54b63319f76a122d2f954ed805d213b,0.0107,0.06275,0.0114,us-west4,49.56,0.07,Actual,0.0674,0.0,0.0698,billing,0.01163,0.00081,0.000213
totalseg-pilot2,02b36d47-a0bd-4025-98cb-dd9c08b0ab29,3960421f-4709-4417-a638-8abd096cab99,6,Succeeded,total,radiomicsjl,True,1,5.0,,,,6,6,520789696,1759,1047.5,86798282,184811520,572.2,1821.0,0,0,44.95,16.77,12.05,28.18,0,44.95,16.77,1,0,custom cpu=4 mem=16 GB,1xnvidia-tesla-t4,mirror.gcr.io/sunderlandkyl/inference_totalseg@sha256:727f93fa0efe203816111fc839f6675be97a26af6093e5a47b7f753d9f9be50f,0.071,0.253934,0.0884,34.82,32.76,31.46,2.06,0,34.82,32.76,1,0,custom cpu=4 mem=16 GB,,mirror.gcr.io/sunderlandkyl/output_conversion@sha256:68985f6a352029f29639e7eb3773dc99c54b63319f76a122d2f954ed805d213b,0.0343,0.06275,0.0376,us-west4,79.77,0.13,Actual,0.1052,0.0,0.126,billing,0.021,0.00024,7.2e-05
totalseg-pilot2,02b36d47-a0bd-4025-98cb-dd9c08b0ab29,11aca4c4-c284-423c-bb19-d03740265b2d,7,Succeeded,total,radiomicsjl,True,1,5.0,,,,1,1,35127296,134,70.7,35127296,35127296,165.1,205.9,0,0,90.39,12.53,3.84,77.86,0,9.25,8.56,2,1,custom cpu=4 mem=16 GB,1xnvidia-tesla-t4,mirror.gcr.io/sunderlandkyl/inference_totalseg@sha256:727f93fa0efe203816111fc839f6675be97a26af6093e5a47b7f753d9f9be50f,0.053,0.253934,0.0447,6.67,5.82,4.52,0.85,0,6.67,5.82,1,0,custom cpu=4 mem=16 GB,,mirror.gcr.io/sunderlandkyl/output_conversion@sha256:68985f6a352029f29639e7eb3773dc99c54b63319f76a122d2f954ed805d213b,0.0061,0.06275,0.0066,us-west4,97.06,0.05,Actual,0.0591,0.0,0.0513,billing,0.0513,0.00146,0.000383
totalseg-pilot2,02b36d47-a0bd-4025-98cb-dd9c08b0ab29,5660b6af-0901-493a-99fb-9c17326d64a8,8,Succeeded,total,radiomicsjl,True,1,5.0,,,,3,3,102188544,305,205.6,34062848,40861184,292.5,473.6,0,0,33.94,32.86,6.33,1.08,0,11.78,11.05,2,1,custom cpu=4 mem=16 GB,1xnvidia-tesla-t4,mirror.gcr.io/sunderlandkyl/inference_totalseg@sha256:727f93fa0efe203816111fc839f6675be97a26af6093e5a47b7f753d9f9be50f,0.1391,0.253934,0.0665,11.63,10.21,8.91,1.42,0,11.63,10.21,1,0,custom cpu=4 mem=16 GB,,mirror.gcr.io/sunderlandkyl/output_conversion@sha256:68985f6a352029f29639e7eb3773dc99c54b63319f76a122d2f954ed805d213b,0.0107,0.06275,0.0114,us-west4,45.57,0.08,Actual,0.1497,0.0,0.078,billing,0.026,0.00076,0.000256
totalseg-pilot2,02b36d47-a0bd-4025-98cb-dd9c08b0ab29,cdf577ef-ddf5-426b-9ab5-b6405bcbe22d,9,Succeeded,total,radiomicsjl,True,1,5.0,,,,6,6,175112192,668,353.0,29185365,40632320,704.4,522.4,0,0,50.71,18.45,13.73,32.26,0,50.71,18.45,1,0,custom cpu=4 mem=16 GB,1xnvidia-tesla-t4,mirror.gcr.io/sunderlandkyl/inference_totalseg@sha256:727f93fa0efe203816111fc839f6675be97a26af6093e5a47b7f753d9f9be50f,0.0781,0.253934,0.0857,12.38,11.08,9.78,1.3,0,12.38,11.08,1,0,custom cpu=4 mem=16 GB,,mirror.gcr.io/sunderlandkyl/output_conversion@sha256:68985f6a352029f29639e7eb3773dc99c54b63319f76a122d2f954ed805d213b,0.0116,0.06275,0.0127,us-west4,63.09,0.1,Actual,0.0897,0.0,0.0984,billing,0.0164,0.00056,0.000147
