entity,workflowId,tier,actualCost,estCost,gpu,vcpuRam,disk,estVsActual
1,08fe2b6b-0328-4144-8620-476e0d203e3b,spot,0.04,0.1058,0.0639,0.0383,0.0036,2.65
2,1c292496-f8ce-4012-8072-5394d8b5eaab,spot,0.11,0.2406,0.1179,0.1118,0.0109,2.19
3,574ec902-8417-4e41-82ce-75ac92b0aaf4,spot,0.05,0.0967,0.0555,0.0377,0.0036,1.93
4,0f51f727-732c-4bac-beee-f3b3aeb002ac,spot,0.07,0.1728,0.0938,0.0721,0.0069,2.47
5,dde42aae-127e-4e5c-999f-7a32747fca8d,spot,0.09,0.2207,0.1286,0.0842,0.0079,2.45
6,55dc19ca-6ad8-4b32-94f7-eb69b6e384c0,spot,0.15,0.3537,0.1873,0.1518,0.0146,2.36
7,370b749a-7087-417f-890b-0fd60d13ad74,spot,0.03,0.0695,0.0391,0.0278,0.0026,2.32
8,8d908556-ea5d-4707-a5b6-8b8aad17069f,spot,0.07,0.1855,0.1077,0.0711,0.0067,2.65
9,c771a0c9-af38-4dcc-84fa-e9a5d5927056,spot,0.06,0.1748,0.1117,0.0578,0.0053,2.91
